{
    "config": {
        "n_games": 2,
        "depth": 2,
        "use_mc": false,
        "rollout_count": 30
    },
    "metrics": {
        "win_rate": 1.0,
        "avg_move_time": 0.003190465231199522,
        "std_move_time": 0.0012773330681148237,
        "total_moves": 370
    }
}