{
    "config": {
        "n_games": 2,
        "depth": 1,
        "rollouts": 5,
        "mode": "h2h"
    },
    "results": {
        "Baseline": 0,
        "Hybrid": 0,
        "Draw": 2
    },
    "games": [
        {
            "winner": "Draw",
            "baseline_is_white": true,
            "baseline_times": [
                0.001115560531616211,
                0.0006639957427978516,
                0.0008270740509033203,
                0.0007607936859130859,
                0.0007624626159667969,
                0.0008563995361328125,
                0.0007565021514892578,
                0.0007989406585693359,
                0.0008339881896972656,
                0.0008211135864257812,
                0.0006921291351318359,
                0.00086212158203125,
                0.0006349086761474609,
                0.0006403923034667969,
                0.0006458759307861328,
                0.0006246566772460938,
                0.0006134510040283203,
                0.0009710788726806641,
                0.0006587505340576172,
                0.0006144046783447266,
                0.0006127357482910156,
                0.0007395744323730469,
                0.0006978511810302734,
                0.0006237030029296875
            ],
            "hybrid_times": [
                0.21990084648132324,
                0.23244452476501465,
                0.2557361125946045,
                0.2505645751953125,
                0.36237120628356934,
                0.36530613899230957,
                0.46596193313598633,
                0.27984189987182617,
                0.3823113441467285,
                0.2629988193511963,
                0.27483201026916504,
                0.27008628845214844,
                0.280397891998291,
                0.27893614768981934,
                0.2543978691101074,
                0.26733827590942383,
                0.4553947448730469,
                0.4386270046234131,
                0.38502979278564453,
                0.40242767333984375,
                0.39548420906066895,
                0.3977546691894531,
                0.39565253257751465,
                0.38688135147094727
            ],
            "fen": "1r4k1/1pp1p1p1/4bn2/p7/8/8/PPPPPPPP/RNBQKB1R w Q - 24 25",
            "termination": "Termination.FIVEFOLD_REPETITION",
            "moves": [
                "g1h3",
                "g8f6",
                "h3g5",
                "a7a5",
                "g5h7",
                "h8g8",
                "h7f8",
                "g8h8",
                "f8d7",
                "h8g8",
                "d7b8",
                "d8d5",
                "b8d7",
                "d5e5",
                "d7e5",
                "g8h8",
                "e5f7",
                "a8b8",
                "f7h8",
                "e8f8",
                "h8f7",
                "f8g8",
                "f7h8",
                "g8h8",
                "h1g1",
                "h8g8",
                "g1h1",
                "g8h8",
                "h1g1",
                "h8g8",
                "g1h1",
                "c8e6",
                "h1g1",
                "g8h8",
                "g1h1",
                "h8g8",
                "h1g1",
                "g8h8",
                "g1h1",
                "h8g8",
                "h1g1",
                "g8h8",
                "g1h1",
                "h8g8",
                "h1g1",
                "g8h8",
                "g1h1",
                "h8g8"
            ]
        },
        {
            "winner": "Draw",
            "baseline_is_white": false,
            "baseline_times": [
                0.001073598861694336,
                0.0011539459228515625,
                5.745887756347656e-05,
                0.0016586780548095703,
                0.0009076595306396484,
                0.0009810924530029297,
                0.0005707740783691406,
                0.0012485980987548828,
                0.0011584758758544922,
                0.0007357597351074219,
                0.0007283687591552734,
                0.0013687610626220703,
                0.0016429424285888672,
                0.0006642341613769531,
                0.0008845329284667969,
                0.001056671142578125,
                0.00084686279296875,
                0.0008265972137451172,
                0.0008604526519775391,
                0.0009341239929199219,
                0.0010099411010742188,
                0.0009391307830810547,
                0.0009307861328125,
                0.0009164810180664062,
                0.0008988380432128906,
                0.0012767314910888672,
                0.0009398460388183594,
                0.0014896392822265625,
                0.0009849071502685547,
                0.0009360313415527344,
                0.001013040542602539,
                0.0011396408081054688,
                0.0012118816375732422,
                0.0013661384582519531,
                0.0032112598419189453,
                0.0019443035125732422,
                0.002862215042114258,
                0.00109100341796875,
                0.0011088848114013672,
                0.0011966228485107422,
                0.0011267662048339844,
                0.0013055801391601562,
                0.0012166500091552734
            ],
            "hybrid_times": [
                0.2688143253326416,
                0.28970789909362793,
                0.3782210350036621,
                0.2672159671783447,
                0.2662367820739746,
                0.2682461738586426,
                0.011072874069213867,
                0.2481675148010254,
                0.22132182121276855,
                0.2363901138305664,
                0.2783808708190918,
                0.26576900482177734,
                0.05461430549621582,
                0.30887269973754883,
                0.303070068359375,
                0.23094868659973145,
                0.2946469783782959,
                0.20415163040161133,
                0.13321352005004883,
                0.13128137588500977,
                0.13755226135253906,
                0.044460296630859375,
                0.04055500030517578,
                0.0404658317565918,
                0.044080257415771484,
                0.04769730567932129,
                0.04926633834838867,
                0.04807329177856445,
                0.04526472091674805,
                0.037664175033569336,
                0.04537487030029297,
                0.03954577445983887,
                0.04017496109008789,
                0.043880462646484375,
                0.03305459022521973,
                0.06045389175415039,
                0.034299373626708984,
                0.02798008918762207,
                0.030933141708374023,
                0.03297162055969238,
                0.03122687339782715,
                0.03476071357727051,
                0.034081220626831055,
                0.027502059936523438
            ],
            "fen": "1rb5/pp1ppppk/8/7K/1n6/8/5r2/8 b - - 19 44",
            "termination": "Termination.FIVEFOLD_REPETITION",